distance,mean,CI
1,0.9832800000000002,0.00798049253194586
2,1.573475999999997,0.044934719582436146
3,3.127802666666663,0.051759630706590384
4,7.279525999999987,0.20128566240888468
5,6.481937999999999,0.09361758334516432
6,7.506572000000018,0.1742408171609607
7,5.47090000000002,3.1631486364835985e-15
8,5.7913960000000175,0.11108486411195967
9,9.244384666666669,0.06028654609345528
10,9.76375866666667,0.15820256310646486
11,8.149189333333348,0.450810596421541
