distance,mean,std_dev,bias,standard_error,MAE,RMSE,relative_error(%),CI_90%,CI_95%
1,0.91375,0.2529393384734142,-0.08625000000000005,0.056558955501038205,0.23631000000000002,0.2611866305919964,8.625000000000005,0.09779794574222209,0.11837925435587951
4,3.1162750000000004,0.37681401789071933,-0.8837249999999996,0.08425817588784704,0.8837250000000001,0.9570053497760606,22.09312499999999,0.1456935765666148,0.17635438891382615
8,7.894379999999998,0.27133954956455353,-0.10562000000000182,0.060673367781051514,0.2282100000000001,0.2847797008215299,1.3202500000000228,0.10491231101571953,0.12699081822770011
12,11.135235000000002,1.5676847243710441,-0.8647649999999985,0.3505449610981676,1.476445,1.755725528236119,7.206374999999987,0.6061387941483227,0.7336990357300736
16,15.921609999999996,2.0247744526502855,-0.07839000000000418,0.45275333152309677,1.4686300000000003,1.9750622767396477,0.4899375000000261,0.782870641062198,0.9476236135913204
20,14.926305,0.8603635556370466,-5.073695000000001,0.19238313957678585,5.073695000000001,5.14252808728353,25.368475,0.3326559990257153,0.4026625387967951
24,26.429029999999994,3.671524433156228,2.429029999999994,0.8209778213588708,3.9234599999999986,4.325075007557673,10.120958333333308,1.4195796884429508,1.7183263282398062
