distance,mean,std_dev,bias,standard_error,MAE,RMSE,relative_error(%),CI_90%,CI_95%
1,0.8237099999999999,0.20465082431971013,-0.17629000000000006,0.045761315483023896,0.23617,0.2662067354519792,17.629000000000005,0.07912739210007738,0.09577953406733429
4,3.179995000000001,0.3938791979849445,-0.8200049999999992,0.0880740661617434,0.8200050000000003,0.9054236475263941,20.50012499999998,0.15229175764437428,0.18434113904607377
8,7.875580000000004,0.48309667072249396,-0.1244199999999962,0.10802369954393289,0.4118499999999998,0.48702526628502535,1.5552499999999525,0.18678732330334008,0.22609620159162244
12,11.267434999999995,1.9544388006669924,-0.7325650000000046,0.4370258016154556,1.709215,2.0409534422666287,6.104708333333372,0.755675653054712,0.9147055151782021
16,15.737254999999996,2.1944559019864487,-0.2627450000000042,0.4906952570467315,1.7641650000000002,2.1549686321382966,1.6421562500000264,0.8484772694174147,1.0270369763828548
20,14.994305,1.1837016117937658,-5.005694999999999,0.26468372690469266,5.005695000000001,5.136932398182791,25.028474999999993,0.45767331686666496,0.5539894072219492
24,26.933129999999995,4.189494738672962,2.933129999999995,0.9367995027050459,4.868680000000003,5.027675850131947,12.221374999999979,1.6198507579441945,1.9607438933193597
