distance,mean,std_dev,bias,standard_error,MAE,RMSE,relative_error(%),CI_90%,CI_95%
1,1.6161399999999997,0.4322444987930351,0.6161399999999997,0.09665280822015522,0.7149300000000001,0.7464060831745679,61.61399999999997,0.1671255420191525,0.20229665253089357
4,0.08591000000000001,0.09097568153951333,-3.91409,0.02034278082217245,3.9140900000000003,3.9150942867318026,97.85225,0.035175369797205994,0.04257792959436204
8,0.12723,0.15560627473480015,-7.87277,0.034794620803252116,7.87277,7.874230763700033,98.409625,0.06016452049534718,0.07282597830522083
12,0.144725,0.18111540628763984,-11.855275,0.04049863602316555,11.855275,11.856589221884176,98.79395833333334,0.07002752036951676,0.0847646193672105
16,0.17783999999999997,0.23874847456112291,-15.82216,0.05338578186430501,15.822160000000002,15.823871140084528,98.88850000000001,0.09231110709029214,0.1117377256053828
20,0.16358500000000004,0.21014286687870232,-19.836415,0.046989373532746744,19.836414999999995,19.837472421543524,99.182075,0.08125086756830609,0.09834988910561392
24,0.21862499999999999,0.29934246164235584,-23.781375,0.06693500927844309,23.781375000000004,23.783164686485687,99.0890625,0.1157395207828431,0.14009658450182166
