distance,mean,std_dev,bias,standard_error,MAE,RMSE,relative_error(%),CI_90%,CI_95%
1,1.16053,0.9809049688935212,0.16053000000000006,0.219337018991323,0.5014700000000001,0.9694512421983893,16.053000000000004,0.37926283631918184,0.459077656771041
4,2.998919999999999,0.5186586440546728,-1.0010800000000009,0.11597559852241154,1.00108,1.1214801005813702,25.027000000000022,0.20053721274093078,0.24273971743180275
8,8.076075,0.7272565332340293,0.07607499999999945,0.16261950453921242,0.5920449999999997,0.7129125945724339,0.9509374999999931,0.2811907210921001,0.34036653471652534
12,11.746855000000002,3.1769383940277107,-0.2531449999999982,0.7103850209374972,2.7043749999999998,3.1068268494558886,2.1095416666666518,1.22835004851632,1.4868529367134993
16,17.1232,3.469348625500637,1.1232000000000006,0.7757699364264885,2.878600000000001,3.563164202082189,7.020000000000004,1.3414092512668863,1.6237051376274094
20,15.028344999999998,1.4745938261361837,-4.971655000000002,0.32972920344420126,4.971655,5.175235167941645,24.85827500000001,0.5701455845921726,0.6901311542495892
24,28.115915,3.9139962360839022,4.115915000000001,0.875196164756192,5.253065,5.611965297157495,17.149645833333338,1.513330404997592,1.8318066251605671
