distance,mean,std_dev,bias,standard_error,MAE,RMSE,relative_error(%),CI_90%,CI_95%
1,0.8989799999999999,0.21757768267908364,-0.10102000000000011,0.04865184888573096,0.20951000000000003,0.23490016177091066,10.102000000000011,0.08412550824949666,0.10182949000927075
4,3.1329350000000007,0.37056659359617633,-0.8670649999999993,0.08286120934715885,0.867065,0.9392844800698029,21.676624999999984,0.14327803588451338,0.17343050434096227
8,7.912535,0.2463451179373743,-0.0874649999999999,0.055084442963317166,0.21663499999999983,0.25554206600871004,1.0933124999999988,0.095248317732249,0.1152930641459028
12,11.21346,1.4657085613234448,-0.7865400000000005,0.32774239783226417,1.3334100000000002,1.6308070636957643,6.5545000000000035,0.5667101338184574,0.6859727223123715
16,15.839579999999998,1.8777163595568334,-0.160420000000002,0.4198701422432516,1.34515,1.8371887129524826,1.0026250000000125,0.7260112395309499,0.8787983074429445
20,14.990934999999999,0.8039574905461504,-5.009065000000001,0.17977035998813368,5.0090650000000005,5.06998643375897,25.045325000000005,0.31084682799448987,0.3762636877247965
24,26.34131,3.605178609620217,2.34131,0.8061424442138982,3.82173,4.222461329959104,9.755458333333333,1.3939273510502848,1.6872755270191604
